exp,fake,subject,length_fake,length_subject,part_1_sum_between_head,part_1a_sum_between_head,part_1b_sum_between_head,part_2_sum_between_head,part_2a_sum_between_head,part_2b_sum_between_head
89MNXFD,red,green,1.7190365622692,1.85006542630149,615235.452740558,319270.016897352,288261.855826268,652516.015322399,325796.013921568,321377.583682522
0101M,red,green,1.64018742906487,1.62070257586012,566691.502873372,282327.827604506,279985.759454603,918885.91135214,445709.504394401,467939.354556871
