exp,fake,subject,length_fake,length_subject,part_1__Head_sum_between,part_2__Head_sum_between,part_1a_Head_sum_between,part_2a_Head_sum_between,part_1b_Head_sum_between,part_2b_Head_sum_between
89MNXFD,red,green,1.7190365622692,1.85006542630149,615235.452740558,652516.015322399,319270.016897352,325796.013921568,288261.855826268,321377.583682522
0101M,red,green,1.64018742906487,1.62070257586012,566691.502873372,918885.91135214,282327.827604506,445709.504394401,279985.759454603,467939.354556871
